Model,Train_Accuracy,Test_Accuracy,Precision,Recall,F1_Score
random_forest,1.0,0.7894736842105263,0.7669172932330827,0.7894736842105263,0.768170426065163
gradient_boosting,1.0,0.631578947368421,0.6967418546365914,0.631578947368421,0.637844611528822
logistic_regression,1.0,0.8421052631578947,0.8508771929824562,0.8421052631578947,0.8407382091592618
decision_tree,1.0,0.631578947368421,0.6210526315789474,0.631578947368421,0.619047619047619
